{
    "redirects": [
        {
            "source": "/",
            "destination": "https://github.com/Zhirrr"
        }
    ],
    "headers": [
        {
            "source": "/(.*)",
            "headers": [
                {
                    "key": "Cache-Control",
                    "value": "public, s-maxage=60, stale-while-revalidate"
                },
                {
                    "key": "Access-Control-Allow-Origin",
                    "value": "*"
                }
            ]
        }
    ]
}
